Тип,Подтип
Нулевой цикл,Земляные работы
Нулевой цикл,Ограждение котлована
Нулевой цикл,Фундаменты
Нулевой цикл,Гидроизоляция
Нулевой цикл,Дренаж
Конструктив,Монолитные работы
Конструктив,Металлоконструкции
Конструктив,Кладка и перегородки
Фасады и кровля,Фасадные системы
Фасады и кровля,Витражи и окна
Фасады и кровля,Кровля
Внутренние инженерные системы,Механические системы
Внутренние инженерные системы,Электрические системы
Внутренние инженерные системы,Слаботочные системы
Отделка,Общестроительные работы
Отделка,Отделка гостиничных номеров
Отделка,Отделка офисных помещений
Отделка,МОП